FNAME,LNAME,CELL,EMAIL,SALUTATION,TITLE,,POSTAL CODE,CITY
John,Dodge,155-888-8888,jdodge@example.com,Mr.,SVP of Sales,,243001,Lisboa
Sarah,Smith,555-999-8888,ssnith@example.com,Ms.,Senior Sales Rep,,243002,
George,Dapper,555-999-0000,gdapper@example.com,Dr.,Director of Healthcare,,243003,
Jack,Dodge,555-888-8888,jdodge2@example.com,Mr.,EVP of Sales,,243004,
Jessica,Jones,555-999-8888,jjones@example.com,Mrs.,Senior Sales Rep,,243005,
Dragon,Davich,155-999-0000,dragonr@example.com,Dr.,Senior Member of Medical Staff,,243006,Lisboa
Steve,Curio,555-555-5454,curious@example.com,Mr.,Janitor,,243007,
Laura,Black,555-555-3434,black@example.com,Ms.,Sales Rep,,243008,
Wilhelm,Blake,555-555-5543,wblake@example.com,Mr.,CEO,,243009,
Winter,Drake,555-555-5554,dragon2@example.com,Mr.,CFO,,243010,
Sal,Sands,555-555-5553,sandssquared@example.com,Mr.,CTO,,243011,
Julia,Wilds,555-555-9988,jwilds@example.com,Ms.,CMO,,243012,
Juniper,Birsch,555-555-5432,woodsy@example.com,Mrs.,Director of Engineering,,243013,
Valerie,Duncan,555-555-3433,vduncan@example.com,Ms.,"Senior Member, Technical Staff",,243014,
Patti,Patel,555-555-4334,ppatel@example.com,Mrs.,Head of Software Engineering,,243015,
Justin,Short,155-445-3343,jshort@example.com,Mr.,Actor,,243016,Lisboa
John,Downes,555-444-0117,bungie@example.com,Mr.,Master Chief,,243017,
Xavier,Birch,555-000-0333,xjb@example.com,Mr.,Chair of Genealogy,,243018,
Basil,Wenceslas,555-666-3433,hansa@example.com,Chairman,Chairman,,243019,
Alice,Black,555-555-5555,blackalice@example.com,Ms.,Botanist,,243020,
